universe,slice,method,k,s,seed,train_frac,n_pairs,nnz,explained_variance,fit_transform_seconds,metrics_seconds,dd_mean_abs,dd_median_abs,dd_p95_abs,dd_mean_rho,dd_n_pairs
top_100__full_incl_covid,full_incl_covid,dense_jl,5,,0,0.7,50000,500,,0.00012154178693890572,0.05245204083621502,0.30970370257437624,0.2654158225103952,0.7476813884129608,1.1502570770865672,50000
top_100__full_incl_covid,full_incl_covid,dense_jl,5,,1,0.7,50000,500,,0.00019479217007756233,0.04235429223626852,0.2675101449356733,0.24432492482492207,0.5935419959163505,0.8008304004107774,50000
top_100__full_incl_covid,full_incl_covid,dense_jl,5,,2,0.7,50000,500,,0.00011870777234435081,0.035246750339865685,0.2239310594635715,0.19185962539595025,0.5408463043244448,0.9390634402805027,50000
top_100__full_incl_covid,full_incl_covid,dense_jl,5,,3,0.7,50000,500,,0.0002199583686888218,0.054355124942958355,0.2296879107978577,0.1970763149425021,0.5534646868407324,0.9486092828563674,50000
top_100__full_incl_covid,full_incl_covid,dense_jl,5,,4,0.7,50000,500,,0.00013979105278849602,0.056634750217199326,0.23165656913209912,0.20075441150869022,0.5509677834446092,0.9060438691061105,50000
top_100__full_incl_covid,full_incl_covid,dense_jl,5,,5,0.7,50000,500,,0.00031958287581801414,0.04926941730082035,0.24542898838395072,0.21649671800505033,0.5689440523668949,0.8793447362897142,50000
top_100__full_incl_covid,full_incl_covid,dense_jl,5,,6,0.7,50000,500,,0.00011583324521780014,0.06412995792925358,0.2518390982230802,0.21679951853120116,0.6055268137241315,1.018327231948256,50000
top_100__full_incl_covid,full_incl_covid,dense_jl,5,,7,0.7,50000,500,,0.00010062521323561668,0.05523400008678436,0.2302661579243665,0.19961486752278812,0.5495572884874231,0.9392262306021655,50000
top_100__full_incl_covid,full_incl_covid,dense_jl,5,,8,0.7,50000,500,,7.308321073651314e-05,0.05090908287093043,0.23763516953870084,0.20760400577152904,0.5585676972782759,0.8988336409491242,50000
top_100__full_incl_covid,full_incl_covid,dense_jl,5,,9,0.7,50000,500,,0.00019279168918728828,0.07765158312395215,0.2425898851681233,0.2063887650361927,0.5860481395630953,0.9904518759836755,50000
top_100__full_incl_covid,full_incl_covid,dense_jl,10,,0,0.7,50000,1000,,0.00018024956807494164,0.07424391712993383,0.20276675932645302,0.1748856156909802,0.48675249032970563,1.0412503490954472,50000
top_100__full_incl_covid,full_incl_covid,dense_jl,10,,1,0.7,50000,1000,,0.00012674974277615547,0.08781808288767934,0.17655124055194144,0.14929102439712955,0.4326798677789036,1.0102372225658258,50000
top_100__full_incl_covid,full_incl_covid,dense_jl,10,,2,0.7,50000,1000,,0.0008390829898416996,0.0877427919767797,0.2095596677818892,0.17867140796277237,0.5071779258106678,1.0834951470427978,50000
top_100__full_incl_covid,full_incl_covid,dense_jl,10,,3,0.7,50000,1000,,0.00013400008901953697,0.08443687483668327,0.1666365601564283,0.14022242700761228,0.41073786270964563,1.003093005552635,50000
top_100__full_incl_covid,full_incl_covid,dense_jl,10,,4,0.7,50000,1000,,0.00016137491911649704,0.0724865416996181,0.18399011710184354,0.15528951653976736,0.45386711025172394,1.0564751427493386,50000
top_100__full_incl_covid,full_incl_covid,dense_jl,10,,5,0.7,50000,1000,,0.00010412465780973434,0.09415104193612933,0.18991169910937522,0.16702091114412765,0.4433216726821816,0.9110680453565626,50000
top_100__full_incl_covid,full_incl_covid,dense_jl,10,,6,0.7,50000,1000,,0.00020300038158893585,0.03428083332255483,0.1723159901683342,0.14879224701185556,0.40927139015242925,0.9555039999274572,50000
top_100__full_incl_covid,full_incl_covid,dense_jl,10,,7,0.7,50000,1000,,9.558303281664848e-05,0.04709629202261567,0.17261741359301366,0.15136872545235225,0.4058592954391988,1.010397710901052,50000
top_100__full_incl_covid,full_incl_covid,dense_jl,10,,8,0.7,50000,1000,,0.00021312525495886803,0.05281616607680917,0.1723549842645149,0.14913512699234277,0.41080792137023087,0.9623891688456909,50000
top_100__full_incl_covid,full_incl_covid,dense_jl,10,,9,0.7,50000,1000,,0.00015400024130940437,0.052940084133297205,0.18956384230265205,0.16802975497888167,0.4391937711025194,0.9191375161732828,50000
top_100__full_incl_covid,full_incl_covid,dense_jl,20,,0,0.7,50000,2000,,0.0001771668903529644,0.05384441697970033,0.1241739078720181,0.1059172104693692,0.3019677086782612,1.008243682993308,50000
top_100__full_incl_covid,full_incl_covid,dense_jl,20,,1,0.7,50000,2000,,0.0001598750241100788,0.04712183307856321,0.11969118365527344,0.10016948387458502,0.2986344480568455,1.0094809852771245,50000
top_100__full_incl_covid,full_incl_covid,dense_jl,20,,2,0.7,50000,2000,,0.00019749999046325684,0.043826415669173,0.13844082408475958,0.11991527816802666,0.32869423553838295,1.0653887341601025,50000
top_100__full_incl_covid,full_incl_covid,dense_jl,20,,3,0.7,50000,2000,,9.7708310931921e-05,0.044855874963104725,0.1256017773421963,0.10602176034162014,0.30876759983099866,1.0161363587245444,50000
top_100__full_incl_covid,full_incl_covid,dense_jl,20,,4,0.7,50000,2000,,0.0002450002357363701,0.04693033313378692,0.13809862089721525,0.12180559688692977,0.3213264079943358,0.9394473417623509,50000
top_100__full_incl_covid,full_incl_covid,dense_jl,20,,5,0.7,50000,2000,,0.00015704194083809853,0.045138792134821415,0.11535625656576193,0.09792174213696936,0.2817050123914864,0.966948376737713,50000
top_100__full_incl_covid,full_incl_covid,dense_jl,20,,6,0.7,50000,2000,,0.00012562517076730728,0.039743416011333466,0.1366408305500225,0.11556295119439836,0.3345227826919443,1.0579320199999769,50000
top_100__full_incl_covid,full_incl_covid,dense_jl,20,,7,0.7,50000,2000,,0.0001488327980041504,0.04786591697484255,0.11945802145451401,0.1028788312968627,0.28752862756674413,1.0203547014218852,50000
top_100__full_incl_covid,full_incl_covid,dense_jl,20,,8,0.7,50000,2000,,0.00014362484216690063,0.05095745902508497,0.11844045664939627,0.09905660276274064,0.29128862166530933,0.9914165125101683,50000
top_100__full_incl_covid,full_incl_covid,dense_jl,20,,9,0.7,50000,2000,,0.00014837505295872688,0.04594666603952646,0.1301751427993616,0.11228252745686168,0.3125829072650515,0.9635766827182066,50000
top_100__full_incl_covid,full_incl_covid,dense_jl,30,,0,0.7,50000,3000,,0.0004922919906675816,0.06408133311197162,0.10855439165917112,0.09415918790376376,0.25750237860993547,1.022084851386857,50000
top_100__full_incl_covid,full_incl_covid,dense_jl,30,,1,0.7,50000,3000,,0.0001099579967558384,0.06400158302858472,0.10175388552522087,0.08539106098987792,0.2521387035195224,0.9776120302259672,50000
top_100__full_incl_covid,full_incl_covid,dense_jl,30,,2,0.7,50000,3000,,0.00015354203060269356,0.047637457959353924,0.10386892053943661,0.08818979349716344,0.2534477129911537,0.9858877522819953,50000
top_100__full_incl_covid,full_incl_covid,dense_jl,30,,3,0.7,50000,3000,,0.00016199983656406403,0.07359754154458642,0.10413280391731479,0.08698021042890758,0.2581458225688638,1.0079105845495016,50000
top_100__full_incl_covid,full_incl_covid,dense_jl,30,,4,0.7,50000,3000,,0.004928624723106623,0.07018912490457296,0.1227134631750974,0.10835998203714142,0.2831196225376616,0.9238036818387886,50000
top_100__full_incl_covid,full_incl_covid,dense_jl,30,,5,0.7,50000,3000,,0.00015845894813537598,0.059390084352344275,0.09536109932668047,0.08038704812801156,0.23639189832250743,0.9891480291809482,50000
top_100__full_incl_covid,full_incl_covid,dense_jl,30,,6,0.7,50000,3000,,0.00011837482452392578,0.048420624807477,0.0927025070767201,0.07766053557436747,0.2282703350874649,0.9892242466334361,50000
top_100__full_incl_covid,full_incl_covid,dense_jl,30,,7,0.7,50000,3000,,0.00016079191118478775,0.034606666304171085,0.09996075020960492,0.08681490409417925,0.2364090746159679,1.0224196029320534,50000
top_100__full_incl_covid,full_incl_covid,dense_jl,30,,8,0.7,50000,3000,,0.00011466722935438156,0.03785858303308487,0.0960401130813998,0.08164798217770425,0.23430651083667944,0.9802724165226749,50000
top_100__full_incl_covid,full_incl_covid,dense_jl,30,,9,0.7,50000,3000,,0.00017479155212640762,0.042967958841472864,0.09485756727657416,0.08000301910362273,0.2335920923394727,0.9999707995669411,50000
top_100__full_incl_covid,full_incl_covid,dense_jl,50,,0,0.7,50000,5000,,0.00018850015476346016,0.04252499993890524,0.08258415040347894,0.07064474537130272,0.1990449710962361,0.9733273979363835,50000
top_100__full_incl_covid,full_incl_covid,dense_jl,50,,1,0.7,50000,5000,,0.00024683400988578796,0.04269220773130655,0.07709084142489163,0.06510260894510006,0.19038795787219492,1.0163292926964091,50000
top_100__full_incl_covid,full_incl_covid,dense_jl,50,,2,0.7,50000,5000,,0.00019016629084944725,0.049830792006105185,0.08303134727010844,0.07075343958612501,0.20203408375182336,1.0296423065553457,50000
top_100__full_incl_covid,full_incl_covid,dense_jl,50,,3,0.7,50000,5000,,0.00013975007459521294,0.05212137522175908,0.08628019077621478,0.07513337128911668,0.2036797896782509,0.97349322576735,50000
top_100__full_incl_covid,full_incl_covid,dense_jl,50,,4,0.7,50000,5000,,0.0002365829423069954,0.056579083669930696,0.08099838007395335,0.07043802918609471,0.19297867750331363,0.9519308159627642,50000
top_100__full_incl_covid,full_incl_covid,dense_jl,50,,5,0.7,50000,5000,,0.00037174997851252556,0.051273875404149294,0.07953228985710876,0.06743723567703486,0.19242272506028835,1.0302390734882956,50000
top_100__full_incl_covid,full_incl_covid,dense_jl,50,,6,0.7,50000,5000,,0.00015087518841028214,0.05099904118105769,0.07811899746661125,0.06550283871292872,0.193163393757326,1.0176730521920445,50000
top_100__full_incl_covid,full_incl_covid,dense_jl,50,,7,0.7,50000,5000,,0.00017654197290539742,0.04878120822831988,0.11769122209604324,0.1004499286460877,0.28397441502811427,1.0768054507773075,50000
top_100__full_incl_covid,full_incl_covid,dense_jl,50,,8,0.7,50000,5000,,0.0002671247348189354,0.04310308303683996,0.08087633942274584,0.06797601968612432,0.2001740537188652,1.0160911629994056,50000
top_100__full_incl_covid,full_incl_covid,dense_jl,50,,9,0.7,50000,5000,,0.00038787489756941795,0.043757209088653326,0.0819643594404037,0.07037225353152299,0.19778667454277402,1.0254573850302957,50000
top_100__full_incl_covid,full_incl_covid,dense_jl,100,,0,0.7,50000,10000,,0.0003300001844763756,0.05382533324882388,0.05312922696436905,0.04548483274721005,0.12850629784444556,0.9963157898347861,50000
top_100__full_incl_covid,full_incl_covid,dense_jl,100,,1,0.7,50000,10000,,0.0002377079799771309,0.07331404136493802,0.06629730367583142,0.05691810882567799,0.16012818507511592,1.0291622143777124,50000
top_100__full_incl_covid,full_incl_covid,dense_jl,100,,2,0.7,50000,10000,,0.00045679183676838875,0.07607279065996408,0.054692337912737664,0.04542265955008706,0.13713951241316596,1.0205119184953904,50000
top_100__full_incl_covid,full_incl_covid,dense_jl,100,,3,0.7,50000,10000,,0.001869542058557272,0.07648816704750061,0.056012302698191935,0.04721147338149534,0.1381366973428769,1.0125747765149908,50000
top_100__full_incl_covid,full_incl_covid,dense_jl,100,,4,0.7,50000,10000,,0.00025204243138432503,0.069625792093575,0.051123422004692776,0.043083922528407426,0.12573885306286647,1.0042008908078675,50000
top_100__full_incl_covid,full_incl_covid,dense_jl,100,,5,0.7,50000,10000,,0.008689749985933304,0.07766408380120993,0.05250202276164946,0.04407396918263062,0.1293589494745991,1.0023163602434062,50000
top_100__full_incl_covid,full_incl_covid,dense_jl,100,,6,0.7,50000,10000,,0.00023616617545485497,0.06627941597253084,0.053282194977995044,0.04548899446610438,0.13041970884190382,0.9924088135222175,50000
top_100__full_incl_covid,full_incl_covid,dense_jl,100,,7,0.7,50000,10000,,0.000216582790017128,0.06703541707247496,0.058975253663397974,0.04982130356034842,0.14379355603078534,0.974813254354464,50000
top_100__full_incl_covid,full_incl_covid,dense_jl,100,,8,0.7,50000,10000,,0.0002965419553220272,0.05836212495341897,0.05397753352119718,0.046086418605980395,0.13117795267556812,0.981640278474359,50000
top_100__full_incl_covid,full_incl_covid,dense_jl,100,,9,0.7,50000,10000,,0.0007845419459044933,0.0663230000063777,0.05448949962389882,0.04656457565962918,0.13201280336693821,0.9906173037585421,50000
top_100__full_incl_covid,full_incl_covid,pca,5,,0,0.7,50000,-1,0.5531047454687643,0.024578874930739403,0.1745478748343885,0.4154822246759715,0.41011403644030303,0.70937989845599,0.5845177753240285,50000
top_100__full_incl_covid,full_incl_covid,pca,10,,0,0.7,50000,-1,0.6235199571095557,0.02861062530428171,0.1507795420475304,0.34218708913889234,0.33636064630124324,0.5874532259641699,0.6578129108611077,50000
top_100__full_incl_covid,full_incl_covid,pca,20,,0,0.7,50000,-1,0.7108824326056717,0.006688875146210194,0.06876474991440773,0.25802382551847114,0.2522743059399812,0.444306158203431,0.7419761744815289,50000
top_100__full_incl_covid,full_incl_covid,pca,30,,0,0.7,50000,-1,0.7765577626511805,0.027280624955892563,0.06379149993881583,0.20399309915566333,0.19786379885700778,0.35531644624310865,0.7960069008443367,50000
top_100__full_incl_covid,full_incl_covid,pca,50,,0,0.7,50000,-1,0.8753040928131035,0.017591167241334915,0.06737816566601396,0.11878237117975159,0.11320242709027412,0.21474406718237096,0.8812176288202485,50000
top_100__full_incl_covid,full_incl_covid,pca,100,,0,0.7,50000,-1,0.9999241602029773,0.05690716626122594,0.06376800034195185,2.6869646519767897e-05,1.0140990155782514e-05,0.00010802225577092857,0.9999731303534802,50000
top_100__full_incl_covid,full_incl_covid,raw,5,,0,0.7,50000,-1,,7.501803338527679e-07,0.29422050016000867,0.0,0.0,0.0,1.0,50000
top_100__full_incl_covid,full_incl_covid,raw,10,,0,0.7,50000,-1,,5.83939254283905e-07,0.2835604166612029,0.0,0.0,0.0,1.0,50000
top_100__full_incl_covid,full_incl_covid,raw,20,,0,0.7,50000,-1,,9.578652679920197e-07,0.2848148327320814,0.0,0.0,0.0,1.0,50000
top_100__full_incl_covid,full_incl_covid,raw,30,,0,0.7,50000,-1,,7.91158527135849e-07,0.2265065829269588,0.0,0.0,0.0,1.0,50000
top_100__full_incl_covid,full_incl_covid,raw,50,,0,0.7,50000,-1,,6.253831088542938e-07,0.16969999996945262,0.0,0.0,0.0,1.0,50000
top_100__full_incl_covid,full_incl_covid,raw,100,,0,0.7,50000,-1,,8.749775588512421e-07,0.292991166934371,0.0,0.0,0.0,1.0,50000
top_100__full_incl_covid,full_incl_covid,sparse_jl,5,1.0,0,0.7,50000,100,,0.004623250104486942,0.06284258421510458,0.22168758921132162,0.18894252272518203,0.5409525058608681,0.9554985197386655,50000
top_100__full_incl_covid,full_incl_covid,sparse_jl,5,1.0,1,0.7,50000,100,,0.0011485000140964985,0.06048820819705725,0.24831838662021172,0.21980574821946847,0.5745996752868863,0.8767757860069996,50000
top_100__full_incl_covid,full_incl_covid,sparse_jl,5,1.0,2,0.7,50000,100,,0.0026282500475645065,0.03573899995535612,0.24823013170440256,0.22099518297097698,0.5699030654769697,0.8862188449174245,50000
top_100__full_incl_covid,full_incl_covid,sparse_jl,5,1.0,3,0.7,50000,100,,0.001096624881029129,0.037670415826141834,0.25654789733686795,0.2259319405567437,0.5936883976923956,0.9322365000339078,50000
top_100__full_incl_covid,full_incl_covid,sparse_jl,5,1.0,4,0.7,50000,100,,0.0010620830580592155,0.03754075011238456,0.26435805604647583,0.23347803336266532,0.6098373553641467,0.8945769533048428,50000
top_100__full_incl_covid,full_incl_covid,sparse_jl,5,1.0,5,0.7,50000,100,,0.0017673331312835217,0.03990120813250542,0.2633490170210859,0.22792172612310901,0.6245340420553659,0.9976206065530506,50000
top_100__full_incl_covid,full_incl_covid,sparse_jl,5,1.0,6,0.7,50000,100,,0.001071833074092865,0.0658551249653101,0.2535335065818343,0.22121098844709253,0.5949755383581269,1.05210717936352,50000
top_100__full_incl_covid,full_incl_covid,sparse_jl,5,1.0,7,0.7,50000,100,,0.0027546663768589497,0.054796124808490276,0.24695043439808043,0.21276168966274733,0.5905586590328379,0.9721455314973344,50000
top_100__full_incl_covid,full_incl_covid,sparse_jl,5,1.0,8,0.7,50000,100,,0.001061541959643364,0.06456145783886313,0.46394880802424404,0.37913279387079424,1.151005341528838,1.3502595909728465,50000
top_100__full_incl_covid,full_incl_covid,sparse_jl,5,1.0,9,0.7,50000,100,,0.0012584156356751919,0.05695333378389478,0.23475375631042322,0.2021701587536871,0.5628964186344412,0.9366566320061698,50000
top_100__full_incl_covid,full_incl_covid,sparse_jl,5,3.0,0,0.7,50000,300,,0.001115167047828436,0.04557983297854662,0.24223413024950752,0.21262850469338646,0.5635290178116892,0.8834336100347806,50000
top_100__full_incl_covid,full_incl_covid,sparse_jl,5,3.0,1,0.7,50000,300,,0.0015201247297227383,0.039782625157386065,0.2262019922801232,0.19600615588703557,0.5389410135399092,1.0144607551182296,50000
top_100__full_incl_covid,full_incl_covid,sparse_jl,5,3.0,2,0.7,50000,300,,0.001049709040671587,0.045983165968209505,0.24299540107627557,0.20954658522742853,0.5824333629675301,0.975038997011836,50000
top_100__full_incl_covid,full_incl_covid,sparse_jl,5,3.0,3,0.7,50000,300,,0.005017166957259178,0.048348208889365196,0.2302573390946335,0.1979517275305972,0.5522056668014247,0.9416517817842223,50000
top_100__full_incl_covid,full_incl_covid,sparse_jl,5,3.0,4,0.7,50000,300,,0.006267332937568426,0.049802042078226805,0.22291646438066473,0.18982152170365807,0.540649512078591,0.9439823049946902,50000
top_100__full_incl_covid,full_incl_covid,sparse_jl,5,3.0,5,0.7,50000,300,,0.005603500176221132,0.043364124838262796,0.2511745171859203,0.2168248817278996,0.6010744111687538,1.0448739503828917,50000
top_100__full_incl_covid,full_incl_covid,sparse_jl,5,3.0,6,0.7,50000,300,,0.0014849170111119747,0.05118791712448001,0.24289670185964216,0.20798692623410553,0.5840874477919952,0.9735516200807931,50000
top_100__full_incl_covid,full_incl_covid,sparse_jl,5,3.0,7,0.7,50000,300,,0.0013246657326817513,0.02910087490454316,0.22285852244465248,0.19111330863432735,0.5368017235893959,0.9346882922831693,50000
top_100__full_incl_covid,full_incl_covid,sparse_jl,5,3.0,8,0.7,50000,300,,0.000974500086158514,0.0413682502694428,0.24293794678399375,0.20900781330865814,0.581426688756966,0.9868042478411994,50000
top_100__full_incl_covid,full_incl_covid,sparse_jl,5,3.0,9,0.7,50000,300,,0.0021089999936521053,0.04220850020647049,0.237335130777544,0.20486444515522428,0.565285133469341,0.9389973745837326,50000
top_100__full_incl_covid,full_incl_covid,sparse_jl,5,5.0,0,0.7,50000,500,,0.0012990422546863556,0.044132042210549116,0.23875787800663148,0.20353291855459876,0.578505024388945,1.0041236369631585,50000
top_100__full_incl_covid,full_incl_covid,sparse_jl,5,5.0,1,0.7,50000,500,,0.0014412496238946915,0.0394095410592854,0.23678665688554304,0.20789421781177703,0.5539367639610341,0.9033603034846303,50000
top_100__full_incl_covid,full_incl_covid,sparse_jl,5,5.0,2,0.7,50000,500,,0.0019044578075408936,0.038905040826648474,0.25766835042803304,0.22795665641524554,0.5948564834184782,0.8973582028708691,50000
top_100__full_incl_covid,full_incl_covid,sparse_jl,5,5.0,3,0.7,50000,500,,0.0010042078793048859,0.025339207611978054,0.2396561109235757,0.20748050538934143,0.5701089204108087,0.9129105791938876,50000
top_100__full_incl_covid,full_incl_covid,sparse_jl,5,5.0,4,0.7,50000,500,,0.0010622907429933548,0.03585504228249192,0.23641655188319968,0.20466236151778194,0.5651632619113891,0.9737581844246015,50000
top_100__full_incl_covid,full_incl_covid,sparse_jl,5,5.0,5,0.7,50000,500,,0.0010459581390023232,0.040129625238478184,0.23679888840398733,0.20497949519226272,0.5626295241693637,0.926986183686282,50000
top_100__full_incl_covid,full_incl_covid,sparse_jl,5,5.0,6,0.7,50000,500,,0.0010374998673796654,0.030236083082854748,0.24202397173609866,0.20914631392792282,0.5811147077307356,0.9888369687087248,50000
top_100__full_incl_covid,full_incl_covid,sparse_jl,5,5.0,7,0.7,50000,500,,0.0010475409217178822,0.035139791667461395,0.24665073956776368,0.21865481372468704,0.5726631239194634,0.8977247042400683,50000
top_100__full_incl_covid,full_incl_covid,sparse_jl,5,5.0,8,0.7,50000,500,,0.001030665822327137,0.035120041109621525,0.23493575658302404,0.20207187764279788,0.5613186273593836,0.9595262639709405,50000
top_100__full_incl_covid,full_incl_covid,sparse_jl,5,5.0,9,0.7,50000,500,,0.0013763746246695518,0.03848133282735944,0.2409123166224468,0.21268775566869202,0.56005709086201,0.8717710467733514,50000
top_100__full_incl_covid,full_incl_covid,sparse_jl,10,1.0,0,0.7,50000,100,,0.0009885416366159916,0.03901758370921016,0.17140748124320512,0.14761969001846387,0.41205892765653934,0.9577455708009471,50000
top_100__full_incl_covid,full_incl_covid,sparse_jl,10,1.0,1,0.7,50000,100,,0.0023788330145180225,0.03306774981319904,0.20285182066318289,0.1803222567875858,0.46896970415752465,0.8753177991788884,50000
top_100__full_incl_covid,full_incl_covid,sparse_jl,10,1.0,2,0.7,50000,100,,0.0013735000975430012,0.03199370764195919,0.17287431905839895,0.15073672868209526,0.40967062173670044,0.9238193829092552,50000
top_100__full_incl_covid,full_incl_covid,sparse_jl,10,1.0,3,0.7,50000,100,,0.0010630418546497822,0.039797083009034395,0.17249901274925744,0.14821625845003156,0.41579663237217684,0.9682025916154678,50000
top_100__full_incl_covid,full_incl_covid,sparse_jl,10,1.0,4,0.7,50000,100,,0.0017467504367232323,0.03543991735205054,0.20005476196302283,0.17603279306323022,0.464415900078769,0.8989005872228422,50000
top_100__full_incl_covid,full_incl_covid,sparse_jl,10,1.0,5,0.7,50000,100,,0.0015350417234003544,0.03285233257338405,0.1696660462434485,0.14400347563396865,0.4157290965960268,0.9860809612654401,50000
top_100__full_incl_covid,full_incl_covid,sparse_jl,10,1.0,6,0.7,50000,100,,0.0009967912919819355,0.03321587527170777,0.17022404998794013,0.14612844141210357,0.4102680522885892,1.0117882704467518,50000
top_100__full_incl_covid,full_incl_covid,sparse_jl,10,1.0,7,0.7,50000,100,,0.0010263328440487385,0.04514595912769437,0.18036842977431744,0.15637679467544696,0.42483841937577804,0.9220614798315365,50000
top_100__full_incl_covid,full_incl_covid,sparse_jl,10,1.0,8,0.7,50000,100,,0.0010109590366482735,0.04021204076707363,0.2933756168885792,0.2427855457695644,0.7332020679930673,1.207023804134569,50000
top_100__full_incl_covid,full_incl_covid,sparse_jl,10,1.0,9,0.7,50000,100,,0.0011316249147057533,0.038879208732396364,0.15774661227114856,0.13435796020187296,0.3845024280966721,0.9582098825041815,50000
top_100__full_incl_covid,full_incl_covid,sparse_jl,10,3.0,0,0.7,50000,300,,0.0022198748774826527,0.03585900040343404,0.18651966504546952,0.1641602025192806,0.4319394631375781,0.8939747319007078,50000
top_100__full_incl_covid,full_incl_covid,sparse_jl,10,3.0,1,0.7,50000,300,,0.0009485827758908272,0.045705875381827354,0.16213872615910457,0.13802754884807433,0.39518910748460634,0.9867085572114671,50000
top_100__full_incl_covid,full_incl_covid,sparse_jl,10,3.0,2,0.7,50000,300,,0.0011003343388438225,0.03283608378842473,0.17007641120041028,0.14519452636251534,0.41260529549997327,0.9940220467933435,50000
top_100__full_incl_covid,full_incl_covid,sparse_jl,10,3.0,3,0.7,50000,300,,0.0010127504356205463,0.03828375041484833,0.16988989227922946,0.14837846551729578,0.4014572468792346,0.9185643921758041,50000
top_100__full_incl_covid,full_incl_covid,sparse_jl,10,3.0,4,0.7,50000,300,,0.00236941734328866,0.04002387495711446,0.17434007171401877,0.14872664448742767,0.4209177970891346,0.9647606031008565,50000
top_100__full_incl_covid,full_incl_covid,sparse_jl,10,3.0,5,0.7,50000,300,,0.0010784170590341091,0.035050582606345415,0.18748408586082504,0.1590573468657816,0.46102826636862027,1.0307085529398337,50000
top_100__full_incl_covid,full_incl_covid,sparse_jl,10,3.0,6,0.7,50000,300,,0.002132333815097809,0.03436929173767567,0.17998502239093364,0.15129849145882318,0.446434753622476,1.031758410482265,50000
top_100__full_incl_covid,full_incl_covid,sparse_jl,10,3.0,7,0.7,50000,300,,0.0016180002130568027,0.032440082635730505,0.1749166419934195,0.15347087304724844,0.41302592162910134,0.9239869105904515,50000
top_100__full_incl_covid,full_incl_covid,sparse_jl,10,3.0,8,0.7,50000,300,,0.000976082868874073,0.032831582706421614,0.16606131055590317,0.1416268380539233,0.4062480238257282,0.9818504845694672,50000
top_100__full_incl_covid,full_incl_covid,sparse_jl,10,3.0,9,0.7,50000,300,,0.0009818747639656067,0.04058612510561943,0.16694107790812793,0.14192194378946832,0.40786587776079286,0.9827586369840712,50000
top_100__full_incl_covid,full_incl_covid,sparse_jl,10,5.0,0,0.7,50000,500,,0.0010109166614711285,0.04470741655677557,0.18151688617759174,0.15916371159974446,0.4253876004189111,0.9340104782244713,50000
top_100__full_incl_covid,full_incl_covid,sparse_jl,10,5.0,1,0.7,50000,500,,0.002142375335097313,0.04167750012129545,0.16269232736268607,0.13778051717330564,0.39687868938915105,0.964364921173634,50000
top_100__full_incl_covid,full_incl_covid,sparse_jl,10,5.0,2,0.7,50000,500,,0.002775833010673523,0.047408416867256165,0.17720640044062283,0.1539772117860329,0.42078215530976515,0.9494404118347031,50000
top_100__full_incl_covid,full_incl_covid,sparse_jl,10,5.0,3,0.7,50000,500,,0.001460957806557417,0.03883587522432208,0.19180859885911458,0.1663338516069618,0.4577509735410046,1.0767182165294367,50000
top_100__full_incl_covid,full_incl_covid,sparse_jl,10,5.0,4,0.7,50000,500,,0.002564957831054926,0.035172917414456606,0.17757671112660034,0.1530574992294529,0.4263368521883626,0.9424605880717705,50000
top_100__full_incl_covid,full_incl_covid,sparse_jl,10,5.0,5,0.7,50000,500,,0.0014863749966025352,0.047254708129912615,0.17564706989658235,0.1529202661819078,0.4159428774705917,0.935340151516358,50000
top_100__full_incl_covid,full_incl_covid,sparse_jl,10,5.0,6,0.7,50000,500,,0.0025754161179065704,0.04457241715863347,0.16412743599728677,0.14072517132893309,0.39536992530033627,0.9498688272450801,50000
top_100__full_incl_covid,full_incl_covid,sparse_jl,10,5.0,7,0.7,50000,500,,0.0019476250745356083,0.04370616702362895,0.156414765102285,0.13256543167141455,0.38410752205615095,0.9709401779089769,50000
top_100__full_incl_covid,full_incl_covid,sparse_jl,10,5.0,8,0.7,50000,500,,0.00106729194521904,0.035467375069856644,0.19837579713144224,0.17930562707568948,0.44383319479075967,0.8743442075929405,50000
top_100__full_incl_covid,full_incl_covid,sparse_jl,10,5.0,9,0.7,50000,500,,0.0010760421864688396,0.033909667283296585,0.17941988393504799,0.15651421229443835,0.42371160879269354,0.9102193985490673,50000
top_100__full_incl_covid,full_incl_covid,sparse_jl,20,1.0,0,0.7,50000,100,,0.0012328336015343666,0.04084929218515754,0.11367177699874352,0.09618375304001003,0.2789201005123953,0.9730566306293474,50000
top_100__full_incl_covid,full_incl_covid,sparse_jl,20,1.0,1,0.7,50000,100,,0.0010278751142323017,0.03974587516859174,0.11915065202854126,0.10230546739918467,0.28739559256142455,0.9488697995504198,50000
top_100__full_incl_covid,full_incl_covid,sparse_jl,20,1.0,2,0.7,50000,100,,0.0009585833176970482,0.03955879155546427,0.11278694249819012,0.0949087069733181,0.2799132711134529,0.9991756542569246,50000
top_100__full_incl_covid,full_incl_covid,sparse_jl,20,1.0,3,0.7,50000,100,,0.0010690828785300255,0.042257665656507015,0.1156964848761928,0.09701777898922265,0.2861391670077354,0.9963102654796819,50000
top_100__full_incl_covid,full_incl_covid,sparse_jl,20,1.0,4,0.7,50000,100,,0.0016751247458159924,0.036296207923442125,0.15048040466848772,0.1305083378149519,0.358075658283319,0.919116646214934,50000
top_100__full_incl_covid,full_incl_covid,sparse_jl,20,1.0,5,0.7,50000,100,,0.0013031247071921825,0.0312308338470757,0.12395784137477986,0.1047041315704822,0.3058029042256536,0.9664220589404178,50000
top_100__full_incl_covid,full_incl_covid,sparse_jl,20,1.0,6,0.7,50000,100,,0.0011135414242744446,0.03600604087114334,0.1078482384870918,0.09078796812479756,0.2659004649845961,0.9953876994107188,50000
top_100__full_incl_covid,full_incl_covid,sparse_jl,20,1.0,7,0.7,50000,100,,0.0016971249133348465,0.04174429224804044,0.12294306270062433,0.10640496797674848,0.29495659388296913,0.9428239173641748,50000
top_100__full_incl_covid,full_incl_covid,sparse_jl,20,1.0,8,0.7,50000,100,,0.001048749778419733,0.04433812526986003,0.19009729612131182,0.16221235360429387,0.4590875719147909,1.1385829455445464,50000
top_100__full_incl_covid,full_incl_covid,sparse_jl,20,1.0,9,0.7,50000,100,,0.0009895418770611286,0.04780862480401993,0.1280218461154381,0.1087092965378259,0.31299690393204366,0.9563803925244146,50000
top_100__full_incl_covid,full_incl_covid,sparse_jl,20,3.0,0,0.7,50000,300,,0.0010058749467134476,0.04779500002041459,0.11468023849626298,0.09689904435223201,0.2821009523323465,0.97561607484919,50000
top_100__full_incl_covid,full_incl_covid,sparse_jl,20,3.0,1,0.7,50000,300,,0.0031048753298819065,0.049175082705914974,0.11869335000613701,0.09936012960419532,0.2942421704726927,1.0124918880088503,50000
top_100__full_incl_covid,full_incl_covid,sparse_jl,20,3.0,2,0.7,50000,300,,0.0011258749291300774,0.051812166813760996,0.11682951720934413,0.09981221139841329,0.2841059490362347,0.98814845355541,50000
top_100__full_incl_covid,full_incl_covid,sparse_jl,20,3.0,3,0.7,50000,300,,0.0014464589767158031,0.0559793752618134,0.1158615043370484,0.09761100296421887,0.285690323245578,1.00118198132531,50000
top_100__full_incl_covid,full_incl_covid,sparse_jl,20,3.0,4,0.7,50000,300,,0.0010579167865216732,0.05867449985817075,0.1370446788991547,0.11933844958030548,0.323600966453952,0.9543130801411477,50000
top_100__full_incl_covid,full_incl_covid,sparse_jl,20,3.0,5,0.7,50000,300,,0.0010273340158164501,0.05869608372449875,0.11677449405416662,0.09882921477338136,0.2853434495363748,1.0171635692442855,50000
top_100__full_incl_covid,full_incl_covid,sparse_jl,20,3.0,6,0.7,50000,300,,0.0013717920519411564,0.04579087486490607,0.12022261842550969,0.10289592680671067,0.2926015829001144,0.9979433432435719,50000
top_100__full_incl_covid,full_incl_covid,sparse_jl,20,3.0,7,0.7,50000,300,,0.001151209231466055,0.032809917349368334,0.11264523471205892,0.09565136733490326,0.27587601896774233,0.9657325741173366,50000
top_100__full_incl_covid,full_incl_covid,sparse_jl,20,3.0,8,0.7,50000,300,,0.0015095421113073826,0.04511075001209974,0.11826668824962457,0.10126638576065516,0.28637204248700493,0.9754634503747409,50000
top_100__full_incl_covid,full_incl_covid,sparse_jl,20,3.0,9,0.7,50000,300,,0.002272041980177164,0.07595708314329386,0.12266889633732504,0.10459167668219926,0.2974842230362595,0.9720003355355631,50000
top_100__full_incl_covid,full_incl_covid,sparse_jl,20,5.0,0,0.7,50000,500,,0.0010016667656600475,0.05925954133272171,0.11274895550309469,0.0956247826575859,0.2769723999437301,0.9748134003244655,50000
top_100__full_incl_covid,full_incl_covid,sparse_jl,20,5.0,1,0.7,50000,500,,0.0009757089428603649,0.06324183288961649,0.11580545748062437,0.09931409615325304,0.2795432841136033,1.0055106396176263,50000
top_100__full_incl_covid,full_incl_covid,sparse_jl,20,5.0,2,0.7,50000,500,,0.0033524162136018276,0.05987283308058977,0.12479677553839673,0.10776437964523772,0.2977748652028007,0.9678478047082248,50000
top_100__full_incl_covid,full_incl_covid,sparse_jl,20,5.0,3,0.7,50000,500,,0.0017447909340262413,0.049621458165347576,0.12269309925450157,0.10442538313020922,0.298016568222626,0.9682550198898101,50000
top_100__full_incl_covid,full_incl_covid,sparse_jl,20,5.0,4,0.7,50000,500,,0.0010252082720398903,0.076043666806072,0.10986974366637843,0.09223419927222254,0.2730986169682315,0.9920472247811971,50000
top_100__full_incl_covid,full_incl_covid,sparse_jl,20,5.0,5,0.7,50000,500,,0.004867083393037319,0.0517489998601377,0.12266775516097794,0.10571246846680737,0.2946153826784846,0.9503126182597372,50000
top_100__full_incl_covid,full_incl_covid,sparse_jl,20,5.0,6,0.7,50000,500,,0.0010669166222214699,0.06193979224190116,0.13066054132449423,0.11355723448237354,0.3101770271648154,0.9421917395093906,50000
top_100__full_incl_covid,full_incl_covid,sparse_jl,20,5.0,7,0.7,50000,500,,0.0010407078079879284,0.08978170901536942,0.1301497071911914,0.11234160689014144,0.31159825972919997,0.9452734368257719,50000
top_100__full_incl_covid,full_incl_covid,sparse_jl,20,5.0,8,0.7,50000,500,,0.0025481670163571835,0.08018995774909854,0.13915802224243737,0.12104957228977414,0.32940078776536874,0.9494832508799876,50000
top_100__full_incl_covid,full_incl_covid,sparse_jl,20,5.0,9,0.7,50000,500,,0.0024323747493326664,0.06884624995291233,0.12102405169777326,0.10296963858277125,0.2956404584863396,1.0145523634625015,50000
top_100__full_incl_covid,full_incl_covid,sparse_jl,30,1.0,0,0.7,50000,100,,0.001552540808916092,0.07056708261370659,0.09525689477745247,0.08051394625798192,0.23556771026041592,0.9699551704727073,50000
top_100__full_incl_covid,full_incl_covid,sparse_jl,30,1.0,1,0.7,50000,100,,0.0009922501631081104,0.07850000029429793,0.10254225346451323,0.08667037762149843,0.25206367086430154,1.0279638445482306,50000
top_100__full_incl_covid,full_incl_covid,sparse_jl,30,1.0,2,0.7,50000,100,,0.0019357912242412567,0.07473233388736844,0.0970972466783815,0.08184871571988367,0.2414608066072982,0.9777462831930185,50000
top_100__full_incl_covid,full_incl_covid,sparse_jl,30,1.0,3,0.7,50000,100,,0.0031689167954027653,0.06778629217296839,0.0982253650042475,0.08224534691338548,0.24430209922175947,1.0215934449249626,50000
top_100__full_incl_covid,full_incl_covid,sparse_jl,30,1.0,4,0.7,50000,100,,0.0023708748631179333,0.029578916262835264,0.10537801685839406,0.0906624413364906,0.25279674576382727,0.9573409769826287,50000
top_100__full_incl_covid,full_incl_covid,sparse_jl,30,1.0,5,0.7,50000,100,,0.0022071669809520245,0.044870040845125914,0.09695985637075802,0.08069566122346156,0.2439956031215381,0.9818251726658352,50000
top_100__full_incl_covid,full_incl_covid,sparse_jl,30,1.0,6,0.7,50000,100,,0.003303790930658579,0.04372070776298642,0.0918804976256639,0.0778080975507785,0.22542895260426846,0.9835806576226671,50000
top_100__full_incl_covid,full_incl_covid,sparse_jl,30,1.0,7,0.7,50000,100,,0.0018886667676270008,0.04131370782852173,0.09816433130284179,0.08438585159173195,0.23722824692280683,0.9666266385932795,50000
top_100__full_incl_covid,full_incl_covid,sparse_jl,30,1.0,8,0.7,50000,100,,0.0025430000387132168,0.03345954092219472,0.14123836685172253,0.11895618948701481,0.3471078007966094,1.0955944381865685,50000
top_100__full_incl_covid,full_incl_covid,sparse_jl,30,1.0,9,0.7,50000,100,,0.0010508750565350056,0.04033145820721984,0.09630651496459626,0.08121508121831722,0.23737890911999793,1.0303629917490411,50000
top_100__full_incl_covid,full_incl_covid,sparse_jl,30,3.0,0,0.7,50000,300,,0.0030642077326774597,0.03481124993413687,0.09295276495676123,0.07790405177523752,0.23145244701587814,0.9943766512747374,50000
top_100__full_incl_covid,full_incl_covid,sparse_jl,30,3.0,1,0.7,50000,300,,0.0010783751495182514,0.03386287530884147,0.09800904926413158,0.08291287795430319,0.2424262100397915,1.019057323411874,50000
top_100__full_incl_covid,full_incl_covid,sparse_jl,30,3.0,2,0.7,50000,300,,0.001030957791954279,0.0343810417689383,0.09086504601107019,0.07754345148867764,0.2206859412448504,0.9872981450790004,50000
top_100__full_incl_covid,full_incl_covid,sparse_jl,30,3.0,3,0.7,50000,300,,0.0010591247119009495,0.04071558406576514,0.09653308018338198,0.0815249569384272,0.23718941985331435,1.0151925086619498,50000
top_100__full_incl_covid,full_incl_covid,sparse_jl,30,3.0,4,0.7,50000,300,,0.0010248753242194653,0.03830466605722904,0.11024347150254939,0.09593453971854388,0.2603098128458459,0.9729889097372272,50000
top_100__full_incl_covid,full_incl_covid,sparse_jl,30,3.0,5,0.7,50000,300,,0.0014590839855372906,0.03675279160961509,0.09458215258303193,0.07967228163652323,0.23309007933565618,0.9906122878354271,50000
top_100__full_incl_covid,full_incl_covid,sparse_jl,30,3.0,6,0.7,50000,300,,0.0010532094165682793,0.044771040789783,0.10156315695573649,0.08792924954866471,0.24155686472853619,0.9652669185223247,50000
top_100__full_incl_covid,full_incl_covid,sparse_jl,30,3.0,7,0.7,50000,300,,0.0011707083322107792,0.04136291705071926,0.09628957009815388,0.08267980132109554,0.23283147137165355,1.0205647583249318,50000
top_100__full_incl_covid,full_incl_covid,sparse_jl,30,3.0,8,0.7,50000,300,,0.0011613750830292702,0.048878083005547523,0.09305410003630855,0.07833310197524262,0.22938079906559544,1.0017498677067096,50000
top_100__full_incl_covid,full_incl_covid,sparse_jl,30,3.0,9,0.7,50000,300,,0.0012551662512123585,0.04339483333751559,0.10749693382636116,0.09041866746009714,0.26556777984554075,1.0311444973630404,50000
top_100__full_incl_covid,full_incl_covid,sparse_jl,30,5.0,0,0.7,50000,500,,0.0011711246334016323,0.04567299969494343,0.095763536393373,0.0804407431128415,0.23783876665313422,0.974062304845144,50000
top_100__full_incl_covid,full_incl_covid,sparse_jl,30,5.0,1,0.7,50000,500,,0.001284333411604166,0.03990658279508352,0.11514259681005835,0.10118264724046416,0.2694699363018869,0.9463798294371778,50000
top_100__full_incl_covid,full_incl_covid,sparse_jl,30,5.0,2,0.7,50000,500,,0.0009978748857975006,0.03689149999991059,0.0870456072458746,0.07274404302831128,0.21733956423354067,0.9895407321276872,50000
top_100__full_incl_covid,full_incl_covid,sparse_jl,30,5.0,3,0.7,50000,500,,0.0010082917287945747,0.04731725016608834,0.10318763078670361,0.08896107388296232,0.2490986494020823,1.0282252936496576,50000
top_100__full_incl_covid,full_incl_covid,sparse_jl,30,5.0,4,0.7,50000,500,,0.0020929169841110706,0.037672000005841255,0.09188945295066606,0.07704495791159927,0.22811478306884073,1.0036839887241595,50000
top_100__full_incl_covid,full_incl_covid,sparse_jl,30,5.0,5,0.7,50000,500,,0.0011863745748996735,0.05158308381214738,0.10026531725167845,0.08500333291233036,0.24424530993013036,0.9828007933754852,50000
top_100__full_incl_covid,full_incl_covid,sparse_jl,30,5.0,6,0.7,50000,500,,0.0014815828762948513,0.05144570907577872,0.10367966221321792,0.089589235174595,0.24705706826615403,0.9585375942912976,50000
top_100__full_incl_covid,full_incl_covid,sparse_jl,30,5.0,7,0.7,50000,500,,0.001614916604012251,0.050232875160872936,0.0974322005215866,0.0842693729393712,0.231435070445501,0.954404859855673,50000
top_100__full_incl_covid,full_incl_covid,sparse_jl,30,5.0,8,0.7,50000,500,,0.0018729171715676785,0.05324104195460677,0.12321685791492946,0.10606060151387997,0.29919467600119604,0.9508689410895713,50000
top_100__full_incl_covid,full_incl_covid,sparse_jl,30,5.0,9,0.7,50000,500,,0.001103667076677084,0.051050625275820494,0.11060808756697865,0.09595279830338066,0.2627132893178531,0.9392878361413569,50000
top_100__full_incl_covid,full_incl_covid,sparse_jl,50,1.0,0,0.7,50000,100,,0.000994333066046238,0.0760020837187767,0.07417970266740014,0.06196031409304764,0.1853179050819523,0.978091594408338,50000
top_100__full_incl_covid,full_incl_covid,sparse_jl,50,1.0,1,0.7,50000,100,,0.0013967500999569893,0.06554866675287485,0.063766686609223,0.05291221814645697,0.15942511823429648,1.0009184770048776,50000
top_100__full_incl_covid,full_incl_covid,sparse_jl,50,1.0,2,0.7,50000,100,,0.001132833305746317,0.05734612513333559,0.07994217483107266,0.06736046488783543,0.19569172151773293,0.975742447398706,50000
top_100__full_incl_covid,full_incl_covid,sparse_jl,50,1.0,3,0.7,50000,100,,0.0021490417420864105,0.06139725027605891,0.08500473257711642,0.07119030514200325,0.2100387808520858,1.0413917752007724,50000
top_100__full_incl_covid,full_incl_covid,sparse_jl,50,1.0,4,0.7,50000,100,,0.0028961668722331524,0.04991066735237837,0.10317127810656221,0.08775952869437348,0.25129118203980716,0.9426597923764564,50000
top_100__full_incl_covid,full_incl_covid,sparse_jl,50,1.0,5,0.7,50000,100,,0.0025592497549951077,0.04503129189833999,0.076729651919435,0.0652530465373331,0.1867270126921646,1.0156045270073064,50000
top_100__full_incl_covid,full_incl_covid,sparse_jl,50,1.0,6,0.7,50000,100,,0.0010398752056062222,0.04512795805931091,0.07022944647857972,0.06029526978925698,0.17003627564525256,0.9701889846920231,50000
top_100__full_incl_covid,full_incl_covid,sparse_jl,50,1.0,7,0.7,50000,100,,0.0010637501254677773,0.04418191686272621,0.07357350636721362,0.061707353362462025,0.1810388171092231,1.0015315167524592,50000
top_100__full_incl_covid,full_incl_covid,sparse_jl,50,1.0,8,0.7,50000,100,,0.0010568751022219658,0.05024154204875231,0.11029657703336046,0.09502575581116118,0.2622316163388246,1.0859978268128094,50000
top_100__full_incl_covid,full_incl_covid,sparse_jl,50,1.0,9,0.7,50000,100,,0.0015208330005407333,0.04754820792004466,0.07020052972864162,0.058511955256785486,0.17505425852727327,1.0123734918227976,50000
top_100__full_incl_covid,full_incl_covid,sparse_jl,50,3.0,0,0.7,50000,300,,0.0012704171240329742,0.047002249862998724,0.07372555103141301,0.061821344196564376,0.18166865366182702,0.9904537910315176,50000
top_100__full_incl_covid,full_incl_covid,sparse_jl,50,3.0,1,0.7,50000,300,,0.002186375204473734,0.05627725040540099,0.07746516591255156,0.06529664155025383,0.19056456111706824,1.011348305048888,50000
top_100__full_incl_covid,full_incl_covid,sparse_jl,50,3.0,2,0.7,50000,300,,0.0011177919805049896,0.05352258309721947,0.06960093349699463,0.058653110525588414,0.17167039197027278,1.0008463358160704,50000
top_100__full_incl_covid,full_incl_covid,sparse_jl,50,3.0,3,0.7,50000,300,,0.0010580839589238167,0.036437499802559614,0.06673790173916104,0.055735465427037,0.1654338207198263,0.9964039588161193,50000
top_100__full_incl_covid,full_incl_covid,sparse_jl,50,3.0,4,0.7,50000,300,,0.0024760831147432327,0.04270204156637192,0.07917585089327397,0.06761661978720435,0.19127243099078006,0.9849200464336265,50000
top_100__full_incl_covid,full_incl_covid,sparse_jl,50,3.0,5,0.7,50000,300,,0.001195583026856184,0.038026665803045034,0.07544946223207556,0.06397441709184731,0.1846025542983403,1.0038226524049387,50000
top_100__full_incl_covid,full_incl_covid,sparse_jl,50,3.0,6,0.7,50000,300,,0.00110941706225276,0.0389813338406384,0.07902567373646233,0.06815439163607268,0.19115525577229472,0.9673454799639236,50000
top_100__full_incl_covid,full_incl_covid,sparse_jl,50,3.0,7,0.7,50000,300,,0.0015647923573851585,0.05670770816504955,0.06973746514821683,0.058472357108139694,0.17348523193029877,0.9971611663710761,50000
top_100__full_incl_covid,full_incl_covid,sparse_jl,50,3.0,8,0.7,50000,300,,0.0011150422506034374,0.0647721248678863,0.07734692452637733,0.06579201901425957,0.18761449495635096,1.0247069361534242,50000
top_100__full_incl_covid,full_incl_covid,sparse_jl,50,3.0,9,0.7,50000,300,,0.0018017501570284367,0.08573749987408519,0.07580301284429014,0.06419103227443318,0.18650513986957812,1.001695873296807,50000
top_100__full_incl_covid,full_incl_covid,sparse_jl,50,5.0,0,0.7,50000,500,,0.001700875349342823,0.07453491725027561,0.06900814506000173,0.05805055530644421,0.17176818533032231,0.9995027218225323,50000
top_100__full_incl_covid,full_incl_covid,sparse_jl,50,5.0,1,0.7,50000,500,,0.0010836250148713589,0.06499300012364984,0.07891448184779438,0.06820256656400808,0.1893448566316388,0.965334201007589,50000
top_100__full_incl_covid,full_incl_covid,sparse_jl,50,5.0,2,0.7,50000,500,,0.0045325420796871185,0.06959025003015995,0.06892313142691538,0.0579717086295618,0.1708860357878574,0.9960724431053865,50000
top_100__full_incl_covid,full_incl_covid,sparse_jl,50,5.0,3,0.7,50000,500,,0.0012944997288286686,0.035502125043421984,0.07615850821025925,0.06422047140077242,0.18789397480197048,0.9871878334586572,50000
top_100__full_incl_covid,full_incl_covid,sparse_jl,50,5.0,4,0.7,50000,500,,0.0017745420336723328,0.04253700003027916,0.07972375008024042,0.06928628615424931,0.18896827945466563,0.9809937749036154,50000
top_100__full_incl_covid,full_incl_covid,sparse_jl,50,5.0,5,0.7,50000,500,,0.001103332731872797,0.04594483319669962,0.07253500716043053,0.06101915447877382,0.17894208161172157,0.9968095809445779,50000
top_100__full_incl_covid,full_incl_covid,sparse_jl,50,5.0,6,0.7,50000,500,,0.0010571661405265331,0.04955016728490591,0.07145081041975222,0.06077729398564752,0.17348261217721972,0.9851734335939103,50000
top_100__full_incl_covid,full_incl_covid,sparse_jl,50,5.0,7,0.7,50000,500,,0.0010015829466283321,0.05625679204240441,0.0761198831901685,0.06494614749880401,0.18520278148386096,0.9825388802660138,50000
top_100__full_incl_covid,full_incl_covid,sparse_jl,50,5.0,8,0.7,50000,500,,0.003669250290840864,0.05750833312049508,0.08510533000032011,0.07416449418777177,0.20267767539544845,0.953293194989156,50000
top_100__full_incl_covid,full_incl_covid,sparse_jl,50,5.0,9,0.7,50000,500,,0.0017868331633508205,0.0700523336417973,0.08606107162660354,0.0754912429327722,0.20220133468134388,0.9523985254904684,50000
top_100__full_incl_covid,full_incl_covid,sparse_jl,100,1.0,0,0.7,50000,100,,0.0017653340473771095,0.08818954136222601,0.057956515784674464,0.0485218914983746,0.14357755372373207,0.9767246418449821,50000
top_100__full_incl_covid,full_incl_covid,sparse_jl,100,1.0,1,0.7,50000,100,,0.0032706656493246555,0.07102845888584852,0.048258384520591946,0.039560270764334715,0.12295629007523318,1.0003344425914407,50000
top_100__full_incl_covid,full_incl_covid,sparse_jl,100,1.0,2,0.7,50000,100,,0.0062470827251672745,0.06398287508636713,0.06214152508921098,0.05217923052328921,0.1527013251137322,0.9796127559720362,50000
top_100__full_incl_covid,full_incl_covid,sparse_jl,100,1.0,3,0.7,50000,100,,0.0019221669062972069,0.08016616711392999,0.060589154351439384,0.05227157814989536,0.14511307135436008,1.0374408472161298,50000
top_100__full_incl_covid,full_incl_covid,sparse_jl,100,1.0,4,0.7,50000,100,,0.0010489169508218765,0.09247033391147852,0.06941704502543079,0.05987036112051003,0.16661923555490463,0.9620698561872233,50000
top_100__full_incl_covid,full_incl_covid,sparse_jl,100,1.0,5,0.7,50000,100,,0.0018877089023590088,0.07831095904111862,0.05438542415237423,0.04596590873865569,0.13180936173040356,1.0197060045243624,50000
top_100__full_incl_covid,full_incl_covid,sparse_jl,100,1.0,6,0.7,50000,100,,0.0012428751215338707,0.06611645827069879,0.04317673723028292,0.035691033422869056,0.10859621948660364,0.9869189707362129,50000
top_100__full_incl_covid,full_incl_covid,sparse_jl,100,1.0,7,0.7,50000,100,,0.001216166652739048,0.07016079220920801,0.06644914074683306,0.05509837182697752,0.16648351527401276,1.035763879793618,50000
top_100__full_incl_covid,full_incl_covid,sparse_jl,100,1.0,8,0.7,50000,100,,0.0023628752678632736,0.07652354193851352,0.0808186243577664,0.0724110823294648,0.18341343353140152,1.0662289245407812,50000
top_100__full_incl_covid,full_incl_covid,sparse_jl,100,1.0,9,0.7,50000,100,,0.001182416919618845,0.07540125027298927,0.05183319493885374,0.04322544446686216,0.1289436128463568,1.0114763414713206,50000
top_100__full_incl_covid,full_incl_covid,sparse_jl,100,3.0,0,0.7,50000,300,,0.0012286659330129623,0.06122254207730293,0.051409526137610476,0.043120648229174385,0.12727791865069077,0.9991676627563134,50000
top_100__full_incl_covid,full_incl_covid,sparse_jl,100,3.0,1,0.7,50000,300,,0.003095415886491537,0.07553524989634752,0.056171830761279865,0.047959651423599814,0.13609802673479698,1.0091791900540596,50000
top_100__full_incl_covid,full_incl_covid,sparse_jl,100,3.0,2,0.7,50000,300,,0.002698166761547327,0.07101141568273306,0.05099089531239856,0.04325504708838146,0.12548102809757927,1.0092626539907812,50000
top_100__full_incl_covid,full_incl_covid,sparse_jl,100,3.0,3,0.7,50000,300,,0.0022948747500777245,0.07301391614601016,0.048256277885431416,0.040374285407754174,0.1204470646899065,0.990732143703035,50000
top_100__full_incl_covid,full_incl_covid,sparse_jl,100,3.0,4,0.7,50000,300,,0.002744500059634447,0.07418995769694448,0.05172054136257774,0.043591871664868775,0.12722188524284858,0.9980156489118188,50000
top_100__full_incl_covid,full_incl_covid,sparse_jl,100,3.0,5,0.7,50000,300,,0.0010774577967822552,0.07292116712778807,0.04995651402869722,0.04209663251087381,0.12225773320968021,0.9817252444529488,50000
top_100__full_incl_covid,full_incl_covid,sparse_jl,100,3.0,6,0.7,50000,300,,0.0020649167709052563,0.07665525004267693,0.060458075062847456,0.05101822329926042,0.1500200011612799,0.9928188279523216,50000
top_100__full_incl_covid,full_incl_covid,sparse_jl,100,3.0,7,0.7,50000,300,,0.0015465416945517063,0.06516299955546856,0.05092278046768535,0.04301141169132228,0.12501444886903998,1.000817197946778,50000
top_100__full_incl_covid,full_incl_covid,sparse_jl,100,3.0,8,0.7,50000,300,,0.0014077499508857727,0.06407791608944535,0.05404455945907788,0.0467348719753411,0.13010812907885622,1.0215447289912705,50000
top_100__full_incl_covid,full_incl_covid,sparse_jl,100,3.0,9,0.7,50000,300,,0.002223624847829342,0.06070200027897954,0.05110049838949703,0.04301591982939795,0.12641330773539297,1.001060803142582,50000
top_100__full_incl_covid,full_incl_covid,sparse_jl,100,5.0,0,0.7,50000,500,,0.0026208339259028435,0.05675220815464854,0.05570865968204983,0.04642910172218473,0.13920165932637796,0.9845270946283128,50000
top_100__full_incl_covid,full_incl_covid,sparse_jl,100,5.0,1,0.7,50000,500,,0.0012149997055530548,0.059858666732907295,0.051814204179363776,0.044038110300944955,0.12766756013164685,0.9962094979363373,50000
top_100__full_incl_covid,full_incl_covid,sparse_jl,100,5.0,2,0.7,50000,500,,0.002906124573200941,0.08692191680893302,0.062472899845351725,0.05409024576013777,0.1476155671955489,1.0298765986407707,50000
top_100__full_incl_covid,full_incl_covid,sparse_jl,100,5.0,3,0.7,50000,500,,0.0017431671731173992,0.09500687522813678,0.055495097608582115,0.04714672440553991,0.13496068377567483,0.9823894431823018,50000
top_100__full_incl_covid,full_incl_covid,sparse_jl,100,5.0,4,0.7,50000,500,,0.0012757917866110802,0.08550937520340085,0.05387950968395399,0.045287027627862464,0.13282784177550286,1.0056481731090576,50000
top_100__full_incl_covid,full_incl_covid,sparse_jl,100,5.0,5,0.7,50000,500,,0.0018273750320076942,0.08542962512001395,0.06034875109218131,0.052341443582488933,0.14275631102570005,0.9743940282113942,50000
top_100__full_incl_covid,full_incl_covid,sparse_jl,100,5.0,6,0.7,50000,500,,0.0032208343036472797,0.08448033407330513,0.04820089016764673,0.040848589226807286,0.11817154442370056,0.9884180961260528,50000
top_100__full_incl_covid,full_incl_covid,sparse_jl,100,5.0,7,0.7,50000,500,,0.0011451668106019497,0.04975341586396098,0.057702823667144354,0.04963753690152617,0.13853510837229877,0.9771396678984021,50000
top_100__full_incl_covid,full_incl_covid,sparse_jl,100,5.0,8,0.7,50000,500,,0.0018673338927328587,0.08988000033423305,0.05304307999484679,0.04505533707903808,0.1297840341627113,0.9823277084112028,50000
top_100__full_incl_covid,full_incl_covid,sparse_jl,100,5.0,9,0.7,50000,500,,0.0011324170045554638,0.048498999793082476,0.04912290935775632,0.04116258284307561,0.12216607343994694,0.9944761979482243,50000
